条文号,康平本层级,包含层级,校勘说明
1,顶格,顶格,
2,顶格,顶格,
3,顶格,顶格,
4,降二格,降二格,
5,降二格,降二格,
6,顶格 + 降一格,顶格、降一格,条内多段，顶格与降一格交替排版。
7,降二格,降二格,
8,降二格,降二格,
9,降二格,降二格,
10,降二格,降二格,
11,降一格,降一格,
12,顶格,顶格,
13,顶格,顶格,
14,顶格,顶格,
15,顶格,顶格,
16,顶格 + 降一格,顶格、降一格,主体为顶格；“桂枝本为解肌……”一段为降一格。
17,降二格,降二格,
18,降一格,降一格,
19,降一格,降一格,
20,顶格,顶格,
21,顶格,顶格,
22,顶格,顶格,
23,顶格,顶格,
24,顶格,顶格,
25,顶格,顶格,
26,顶格,顶格,
27,顶格,顶格,
28,顶格,顶格,
29,顶格,顶格,
30,降二格,降二格,
31,顶格,顶格,
32,顶格,顶格,
33,顶格,顶格,
34,顶格,顶格,
35,顶格,顶格,
36,降二格,降二格,
37,降二格,降二格,
38,顶格,顶格,
39,顶格,顶格,
40,顶格,顶格,
41,顶格,顶格,
42,顶格,顶格,
43,顶格,顶格,
44,顶格,顶格,
45,降二格,降二格,
46,顶格,顶格,
47,降一格,降一格,
48,顶格,顶格,
49,降一格,降一格,
50,降一格,降一格,
51,降二格,降二格,
52,降二格,降二格,
53,降一格,降一格,
54,降二格,降二格,
55,顶格,顶格,
56,降二格,降二格,
57,降一格,降一格,
58,降一格,降一格,
59,顶格,顶格,
60,顶格,顶格,
61,顶格,顶格,
62,降一格,降一格,
63,降一格,降一格,
64,降二格,降二格,
65,降二格,降二格,
66,降一格,降一格,
67,顶格,顶格,
68,顶格,顶格,
69,顶格,顶格,
70,顶格,顶格,
71,顶格,顶格,
72,顶格,顶格,
73,顶格,顶格,
74,顶格,顶格,
75,降二格,降二格,
76,顶格,顶格,
77,顶格,顶格,
78,顶格,顶格,
79,顶格,顶格,
80,顶格,顶格,
81,降二格,降二格,
82,顶格,顶格,
83,降一格,降一格,
84,降一格,降一格,
85,降一格,降一格,
86,降一格,降一格,
87,降一格,降一格,
88,降一格,降一格,
89,降一格,降一格,
90,降二格,降二格,
91,顶格,顶格,
92,降一格,降一格,
93,顶格 + 降一格,顶格、降一格,顶格正文后接降一格补充。
94,顶格,顶格,
95,降二格,降二格,
96,顶格,顶格,
97,降一格,降一格,
98,降一格 + 顶格,顶格、降一格,先为降一格，转行后变为顶格；李冠杰认为排版存在传抄错误，不宜硬判为单一层级。
99,顶格,顶格,
100,顶格,顶格,
101,降一格,降一格,
102,顶格,顶格,
103,顶格,顶格,
104,顶格,顶格,
105,顶格 + 降一格,顶格、降一格,同一宋本条号内含顶格正文与降一格补充。
106,顶格,顶格,
107,顶格,顶格,
108,降二格,降二格,
109,降二格,降二格,
110,顶格,顶格,
111,顶格,顶格,
112,顶格,顶格,
113,降一格,降一格,
114,顶格,顶格,
115,降一格,降一格,
116,降一格,降一格,
117,顶格,顶格,
118,顶格,顶格,
119,降一格,降一格,
120,顶格 + 降一格,顶格、降一格,同一宋本条号内含顶格正文与降一格补充。
121,降一格,降一格,
122,降一格,降一格,
123,顶格,顶格,
124,顶格,顶格,
125,顶格,顶格,
126,顶格,顶格,
127,降二格,降二格,
128,降二格,降二格,
129,降二格,降二格,
130,降二格,降二格,
131,降一格,降一格,
132,降一格,降一格,
133,降一格,降一格,
134,顶格,顶格,
135,顶格,顶格,
136,顶格,顶格,
137,顶格,顶格,
138,顶格,顶格,
139,顶格,顶格,
140,顶格 + 降一格,顶格、降一格,顶格残文与降一格补充并存。
141,顶格 + 降一格,顶格、降一格,“病在阳……”正文为顶格；“身热、皮粟不解……”为降一格。白散方另为降二格，但方剂版式不计入条文层级。
142,降二格,降二格,
143,降二格,降二格,
144,顶格,顶格,
145,降一格,降一格,
146,顶格,顶格,
147,顶格,顶格,
148,顶格,顶格,
149,顶格,顶格,
150,顶格,顶格,
151,降一格,降一格,
152,顶格,顶格,
153,顶格,顶格,
154,顶格,顶格,
155,顶格,顶格,
156,顶格,顶格,
157,顶格,顶格,
158,顶格,顶格,
159,顶格,顶格,
160,降一格,降一格,
161,顶格,顶格,
162,降一格,降一格,
163,顶格,顶格,
164,顶格,顶格,
165,顶格,顶格,
166,降一格,降一格,
167,降二格,降二格,
168,顶格,顶格,
169,顶格,顶格,
170,顶格,顶格,
171,降二格,降二格,
172,顶格,顶格,
173,顶格,顶格,
174,顶格,顶格,
175,顶格,顶格,
176,顶格,顶格,
177,顶格,顶格,
178,降二格,降二格,
179,降二格,降二格,
180,顶格,顶格,
181,降二格,降二格,
182,降二格,降二格,
183,降二格,降二格,
184,降二格,降二格,
185,降一格,降一格,
186,降二格,降二格,
187,降二格,降二格,
188,降二格,降二格,
189,降二格,降二格,
190,降二格,降二格,
191,降一格,降一格,
192,降一格,降一格,
193,降二格,降二格,
194,降一格,降一格,
195,降一格,降一格,
196,降二格,降二格,
197,降二格,降二格,
198,降二格,降二格,
199,降一格,降一格,
200,降一格,降一格,
201,降二格,降二格,
202,降二格,降二格,
203,降一格,降一格,
204,降一格,降一格,
205,降二格,降二格,
206,降二格,降二格,
207,降二格,降二格,
208,顶格 + 降一格,顶格、降一格,“阳明病……”至“大承气汤主之”为顶格；“若汗出多……”为降一格。
209,顶格 + 降一格,顶格、降一格,前一自然段为顶格，后一自然段为降一格。
210,降一格,降一格,
211,降一格,降一格,
212,顶格,顶格,
213,降一格,降一格,
214,降一格 + 降二格,降一格、降二格,“小承气汤主之”以前为降一格，之后为降二格。
215,降二格,降二格,
216,降二格,降二格,
217,降一格,降一格,
218,降一格,降一格,
219,顶格,顶格,
220,顶格,顶格,
221,顶格,顶格,
222,顶格,顶格,
223,顶格,顶格,
224,降二格,降二格,
225,降一格,降一格,
226,降二格,降二格,
227,降二格,降二格,
228,顶格,顶格,
229,顶格,顶格,
230,降一格,降一格,
231,顶格,顶格,
232,顶格,顶格,
233,降一格,降一格,
234,降二格,降二格,
235,降二格,降二格,
236,顶格,顶格,
237,顶格,顶格,
238,顶格,顶格,
239,降一格,降一格,
240,降一格,降一格,
241,顶格,顶格,
242,降一格,降一格,
243,顶格,顶格,
244,降一格,降一格,
245,降二格,降二格,
246,降二格,降二格,
247,降二格,降二格,
248,顶格,顶格,
249,降一格,降一格,
250,降一格,降一格,
251,降二格,降二格,
252,降一格,降一格,
253,降二格,降二格,
254,降二格,降二格,
255,降二格,降二格,
256,降一格,降一格,
257,降二格,降二格,
258,降二格,降二格,
259,降一格,降一格,
260,顶格,顶格,
261,顶格,顶格,
262,降一格,降一格,
263,顶格,顶格,
264,降一格,降一格,
265,降一格,降一格,
266,顶格,顶格,
267,顶格,顶格,
268,降一格,降一格,
269,降二格,降二格,
270,降二格,降二格,
271,降二格,降二格,
272,降二格,降二格,
273,顶格,顶格,
274,降二格,降二格,
275,降二格,降二格,
276,降一格,降一格,
277,降一格,降一格,
278,降一格,降一格,
279,顶格,顶格,
280,降二格,降二格,
281,顶格,顶格,
282,降一格,降一格,
283,降二格,降二格,
284,降二格,降二格,
285,降二格,降二格,
286,降二格,降二格,
287,降二格,降二格,
288,降二格,降二格,
289,降二格,降二格,
290,降二格,降二格,
291,降二格,降二格,
292,降二格,降二格,
293,降二格,降二格,
294,降二格,降二格,
295,降二格,降二格,
296,降二格,降二格,
297,降二格,降二格,
298,降二格,降二格,
299,降二格,降二格,
300,降二格,降二格,
301,顶格,顶格,
302,顶格,顶格,
303,顶格,顶格,
304,顶格,顶格,
305,顶格,顶格,
306,顶格,顶格,
307,顶格,顶格,
308,降一格,降一格,
309,顶格,顶格,
310,顶格,顶格,
311,顶格,顶格,
312,降一格,降一格,
313,降一格,降一格,
314,顶格,顶格,
315,顶格,顶格,
316,降一格 + 顶格,顶格、降一格,正文为降一格；末尾“武汤主之”转行后误排成顶格，李冠杰明确判断为传抄笔误。
317,顶格,顶格,
318,顶格,顶格,
319,顶格,顶格,
320,顶格,顶格,
321,顶格,顶格,
322,降二格,降二格,
323,顶格,顶格,
324,顶格,顶格,
325,降二格,降二格,
326,顶格,顶格,
327,降二格,降二格,
328,降二格,降二格,
329,降二格,降二格,
330,降二格,降二格,
331,降二格,降二格,
332,降二格,降二格,
333,降二格,降二格,
334,降二格,降二格,
335,降二格,降二格,
336,降二格,降二格,
337,降一格,降一格,
338,降一格,降一格,
339,降二格,降二格,
340,降二格,降二格,
341,降二格,降二格,
342,降二格,降二格,
343,降二格,降二格,
344,降二格,降二格,
345,降二格,降二格,
346,降二格,降二格,
347,降二格,降二格,
348,降二格,降二格,
349,降二格,降二格,
350,顶格,顶格,
351,顶格,顶格,
352,顶格,顶格,
353,降二格,降二格,
354,降一格,降一格,
355,降一格,降一格,
356,降一格,降一格,
357,降一格,降一格,
358,降二格,降二格,
359,顶格,顶格,
360,降二格,降二格,
361,降二格,降二格,
362,降二格,降二格,
363,降二格,降二格,
364,降二格,降二格,
365,降二格,降二格,
366,降二格 + 降一格,降一格、降二格,“下利，脉沉而迟……”为降二格；“病人必微厥……”为降一格。
367,降二格,降二格,
368,降二格,降二格,
369,降二格,降二格,
370,降一格,降一格,
371,降一格,降一格,
372,降二格,降二格,
373,降二格,降二格,
374,降二格,降二格,
375,降二格,降二格,
376,降二格,降二格,
377,降二格,降二格,
378,降一格,降一格,
379,降一格,降一格,
380,降二格,降二格,
381,降二格,降二格,
382,降二格,降二格,
383,降二格,降二格,
384,降二格,降二格,
385,顶格,顶格,
386,顶格,顶格,
387,降一格,降一格,
388,顶格,顶格,
389,顶格,顶格,
390,顶格,顶格,
391,顶格,顶格,康平本版式为顶格；李冠杰从语韵和内容判断，怀疑原本可能是降二格。
392,降一格,降一格,
393,顶格,顶格,
394,顶格,顶格,康平本两个自然段均为顶格；李冠杰认为“脉浮者……”以下第二段可能原为降二格。
395,顶格,顶格,
396,顶格,顶格,
397,顶格,顶格,
398,降二格,降二格,
